-- V010001: Initial Data Seeding for Essential Application Data
-- This script populates the database with the essential roles, permissions,
-- report types, and their relationships required for the application to function.
-- The data is synchronized with EssentialDataSeeder.java.

-- Insert Roles
INSERT INTO ROLES (ID, NAME) VALUES (1, 'ADMIN');
INSERT INTO ROLES (ID, NAME) VALUES (2, 'USER');
INSERT INTO ROLES (ID, NAME) VALUES (3, 'ANONYMOUS');
/

-- Insert Permissions
INSERT INTO PERMISSIONS (ID, NAME) VALUES (1, 'READ_OWN_IMAGES');
INSERT INTO PERMISSIONS (ID, NAME) VALUES (2, 'UPLOAD_IMAGES');
INSERT INTO PERMISSIONS (ID, NAME) VALUES (3, 'DELETE_IMAGES');
INSERT INTO PERMISSIONS (ID, NAME) VALUES (4, 'MANAGE_USERS');
INSERT INTO PERMISSIONS (ID, NAME) VALUES (5, 'VIEW_ADMIN_DASHBOARD');
INSERT INTO PERMISSIONS (ID, NAME) VALUES (6, 'READ_SHARED_IMAGES');
/

-- Insert Report Types
INSERT INTO REPORT_TYPES (ID, NAME) VALUES (1, 'compact');
INSERT INTO REPORT_TYPES (ID, NAME) VALUES (2, 'extended');
/

-- Assign Permissions to Roles

-- USER Role Permissions
INSERT INTO ROLE_HAS_PERMISSIONS (ROLE_ID, PERMISSION_ID) VALUES (2, 1); -- READ_OWN_IMAGES
INSERT INTO ROLE_HAS_PERMISSIONS (ROLE_ID, PERMISSION_ID) VALUES (2, 2); -- UPLOAD_IMAGES
INSERT INTO ROLE_HAS_PERMISSIONS (ROLE_ID, PERMISSION_ID) VALUES (2, 3); -- DELETE_IMAGES
/

-- ADMIN Role Permissions (has all USER permissions plus admin-specific ones)
INSERT INTO ROLE_HAS_PERMISSIONS (ROLE_ID, PERMISSION_ID) VALUES (1, 1); -- READ_OWN_IMAGES
INSERT INTO ROLE_HAS_PERMISSIONS (ROLE_ID, PERMISSION_ID) VALUES (1, 2); -- UPLOAD_IMAGES
INSERT INTO ROLE_HAS_PERMISSIONS (ROLE_ID, PERMISSION_ID) VALUES (1, 3); -- DELETE_IMAGES
INSERT INTO ROLE_HAS_PERMISSIONS (ROLE_ID, PERMISSION_ID) VALUES (1, 4); -- MANAGE_USERS
INSERT INTO ROLE_HAS_PERMISSIONS (ROLE_ID, PERMISSION_ID) VALUES (1, 5); -- VIEW_ADMIN_DASHBOARD
INSERT INTO ROLE_HAS_PERMISSIONS (ROLE_ID, PERMISSION_ID) VALUES (1, 6); -- READ_SHARED_IMAGES
/

-- ANONYMOUS Role Permissions
INSERT INTO ROLE_HAS_PERMISSIONS (ROLE_ID, PERMISSION_ID) VALUES (3, 6); -- READ_SHARED_IMAGES
/